Title,Date
"Dark: Season 3: The Origin","4/29/21"
"Dark: Season 3: Adam and Eva","4/28/21"
"Dark: Season 3: The Survivors","4/28/21"
"Dark: Season 3: Deja-vu","4/26/21"
"Dark: Season 2: Endings and Beginnings","4/26/21"
"Dark: Season 2: The White Devil","4/26/21"
"Dark: Season 2: An Endless Cycle","4/26/21"
"Dark: Season 2: Lost and Found","4/25/21"
"Dark: Season 2: The Travelers","4/25/21"
"Dark: Season 2: Ghosts","4/25/21"
"Dark: Season 2: Dark Matter","4/23/21"
"Dark: Season 2: Beginnings and Endings","4/22/21"
"Dark: Season 1: Alpha and Omega","4/21/21"
"Dark: Season 1: Everything Is Now","4/21/21"
"Dark: Season 1: As You Sow, So You Shall Reap","4/21/21"
"Dark: Season 1: Crossroads","4/20/21"
"Dark: Season 1: Sic Mundus Creatus Est","4/20/21"
"Dark: Season 1: Truths","4/19/21"
"Dark: Season 1: Double Lives","4/18/21"
"Dark: Season 1: Past and Present","4/14/21"
"Dark: Season 1: Lies","4/12/21"
"Dark: Season 1: Secrets","4/11/21"
"Rick and Morty: Season 4: Star Mort Rick Turn of the Jerri","4/11/21"
"MINDHUNTER: Season 1: Episode 10","4/10/21"
"MINDHUNTER: Season 1: Episode 9","4/9/21"
"MINDHUNTER: Season 1: Episode 8","4/5/21"
"MINDHUNTER: Season 1: Episode 7","4/5/21"
"Rick and Morty: Season 4: Childrick of Mort","4/3/21"
"Homeland: Season 8: Prisoners of War","3/27/21"
"Homeland: Season 8: The English Teacher","3/26/21"
"Homeland: Season 8: Designated Driver","3/25/21"
"Homeland: Season 8: In Full Flight","3/24/21"
"MINDHUNTER: Season 1: Episode 6","3/23/21"
"MINDHUNTER: Season 1: Episode 5","3/23/21"
"MINDHUNTER: Season 1: Episode 4","3/21/21"
"Homeland: Season 8: Threnody(S)","3/21/21"
"MINDHUNTER: Season 1: Episode 3","3/20/21"
"Homeland: Season 8: F**ker Shot Me","3/20/21"
"Homeland: Season 8: Two Minutes","3/18/21"
"Homeland: Season 8: Chalk Two Down","3/17/21"
"Homeland: Season 8: Chalk One Up","3/16/21"
"Modern Family: Season 11: Finale: Part 2","3/16/21"
"Modern Family: Season 11: Finale: Part 1","3/15/21"
"Modern Family: Season 11: I'm Going to Miss This","3/15/21"
"Homeland: Season 8: False Friends","3/14/21"
"Modern Family: Season 11: Baby Steps","3/14/21"
"Homeland: Season 8: Catch and Release","3/13/21"
"Modern Family: Season 11: Spuds","3/13/21"
"Modern Family: Season 11: Paris","3/13/21"
"Modern Family: Season 11: Dead on a Rival","3/13/21"
"Homeland: Season 8: Deception Indicated","3/12/21"
"Modern Family: Season 11: Legacy","3/12/21"
"Homeland: Season 7: Paean to the People","3/10/21"
"Homeland: Season 7: All In","3/9/21"
"Modern Family: Season 11: The Prescott","3/9/21"
"Homeland: Season 7: Clarity","3/8/21"
"Modern Family: Season 11: The Last Christmas","3/8/21"
"Homeland: Season 7: Useful Idiot","3/6/21"
"Homeland: Season 7: Lies, Amplifiers, Fucking Twitter","3/6/21"
"Modern Family: Season 11: Tree's a Crowd","3/6/21"
"Homeland: Season 7: Andante","3/5/21"
"Homeland: Season 7: Species Jump","3/5/21"
"Modern Family: Season 11: The Last Thanksgiving","3/5/21"
"Modern Family: Season 11: A Game of Chicken","3/5/21"
"Modern Family: Season 11: The Last Halloween","3/5/21"
"Homeland: Season 7: Active Measures","3/5/21"
"Homeland: Season 7: Like Bad at Things","3/4/21"
"Homeland: Season 7: Standoff","3/4/21"
"Homeland: Season 7: Rebel Rebel","3/4/21"
"Modern Family: Season 11: Pool Party","3/4/21"
"Modern Family: Season 11: Perfect Pairs","3/3/21"
"Modern Family: Season 11: Snapped","3/3/21"
"Modern Family: Season 11: New Kids on the Block","3/3/21"
"Homeland: Season 7: Enemy of the State","2/22/21"
"Homeland: Season 6: America First","2/20/21"
"Homeland: Season 6: R for Romeo","2/19/21"
"Homeland: Season 6: The Flag House","2/19/21"
"Homeland: Season 6: Sock Puppets","2/19/21"
"Homeland: Season 6: Alt.Truth","2/16/21"
"MINDHUNTER: Season 1: Episode 2","2/16/21"
"Homeland: Season 6: Imminent Risk","2/15/21"
"Homeland: Season 6: The Return","2/14/21"
"Homeland: Season 6: Casus Belli","2/14/21"
"Homeland: Season 6: A Flash of Light","2/13/21"
"Homeland: Season 6: The Covenant","2/13/21"
"MINDHUNTER: Season 1: Episode 1","2/13/21"
"Homeland: Season 6: The Man in the Basement","2/12/21"
"Homeland: Season 6: Fair Game","2/12/21"
"Homeland: Season 5: A False Glimmer","2/11/21"
"Homeland: Season 5: Our Man in Damascus","2/11/21"
"Homeland: Season 5: New Normal","2/10/21"
"Homeland: Season 5: The Litvinov Ruse","2/9/21"
"Homeland: Season 5: All About Allison","2/8/21"
"Homeland: Season 5: Oriole","2/8/21"
"Homeland: Season 5: Parabiosis","2/7/21"
"Homeland: Season 5: Better Call Saul","2/7/21"
"Jeffrey Epstein: Filthy Rich: Limited Series: Finding Their Voice","2/7/21"
"Homeland: Season 5: Why Is This Night Different?","2/6/21"
"Homeland: Season 5: Super Powers","2/6/21"
"Homeland: Season 5: The Tradition of Hospitality","2/6/21"
"Homeland: Season 5: Separation Anxiety","2/5/21"
"Homeland: Season 4: Long Time Coming","2/5/21"
"Homeland: Season 4: Krieg Nicht Lieb","2/4/21"
"Homeland: Season 4: 13 Hours in Islamabad","2/4/21"
"Jeffrey Epstein: Filthy Rich: Limited Series: The Island","2/4/21"
"Homeland: Season 4: There's Something Else Going On","2/3/21"
"Homeland: Season 4: Halfway to a Donut","2/3/21"
"Jeffrey Epstein: Filthy Rich: Limited Series: Follow the Money","2/3/21"
"Jeffrey Epstein: Filthy Rich: Limited Series: Hunting Grounds","2/2/21"
"Homeland: Season 4: Redux","2/2/21"
"Homeland: Season 4: From A to B and Back Again","2/1/21"
"Homeland: Season 4: About a Boy","2/1/21"
"Homeland: Season 4: Iron in the Fire","1/31/21"
"Homeland: Season 4: Shalwar Kameez","1/31/21"
"Homeland: Season 4: Trylon and Perisphere","1/31/21"
"Homeland: Season 4: The Drone Queen","1/30/21"
"Homeland: Season 3: The Star","1/30/21"
"Homeland: Season 3: Big Man in Tehran","1/30/21"
"Lupin: Part 1: Chapter 5","1/29/21"
"Homeland: Season 3: Good Night","1/29/21"
"Homeland: Season 3: One Last Thing","1/29/21"
"Homeland: Season 3: A Red Wheelbarrow","1/29/21"
"Lupin: Part 1: Chapter 4","1/28/21"
"Homeland: Season 3: Gerontion","1/28/21"
"Homeland: Season 3: Still Positive","1/27/21"
"Lupin: Part 1: Chapter 3","1/26/21"
"Homeland: Season 3: The Yoga Play","1/26/21"
"Homeland: Season 3: Game On","1/26/21"
"Homeland: Season 3: Tower of David","1/25/21"
"Homeland: Season 3: Uh... Oh... Ah...","1/25/21"
"Homeland: Season 3: Tin Man is Down","1/24/21"
"Homeland: Season 2: The Choice","1/24/21"
"Homeland: Season 2: In Memoriam","1/23/21"
"Homeland: Season 2: Broken Hearts","1/23/21"
"Homeland: Season 2: Two Hats","1/22/21"
"Homeland: Season 2: I'll Fly Away","1/22/21"
"Homeland: Season 2: The Clearing","1/21/21"
"Homeland: Season 2: A Gettysburg Address","1/21/21"
"Homeland: Season 2: Q&A","1/20/21"
"Lupin: Part 1: Chapter 2","1/19/21"
"Lupin: Part 1: Chapter 1","1/18/21"
"Homeland: Season 2: New Car Smell","1/18/21"
"Homeland: Season 2: State of Independence","1/18/21"
"Homeland: Season 2: Beirut Is Back","1/17/21"
"Homeland: Season 2: The Smile","1/17/21"
"Homeland: Season 1: Marine One","1/16/21"
"Homeland: Season 1: The Vest","1/16/21"
"Homeland: Season 1: Representative Brody","1/16/21"
"Homeland: Season 1: Crossfire","1/16/21"
"Homeland: Season 1: Achilles Heel","1/16/21"
"Homeland: Season 1: The Weekend","1/16/21"
"Homeland: Season 1: The Good Soldier","1/15/21"
"Homeland: Season 1: Blind Spot","1/15/21"
"Homeland: Season 1: Semper I","1/14/21"
"Homeland: Season 1: Clean Skin","1/13/21"
"Homeland: Season 1: Grace","1/13/21"
"Homeland: Season 1: Pilot","1/12/21"
"Death to 2020","1/9/21"
"Pieces of a Woman","1/7/21"
"The Witcher: Season 1: Much More","1/6/21"
"The Witcher: Season 1: Before a Fall","1/6/21"
"Argo","1/6/21"
"The Witcher: Season 1: Rare Species","1/6/21"
"The Witcher: Season 1: Bottled Appetites","1/6/21"
"The Witcher: Season 1: Of Banquets, Bastards and Burials","1/6/21"
"The Witcher: Season 1: Betrayer Moon","1/6/21"
"The Witcher: Season 1: Four Marks","1/6/21"
"Better Call Saul: Season 5: Something Unforgivable","1/6/21"
"Better Call Saul: Season 5: Bad Choice Road","1/6/21"
"The Witcher: Season 1: The End’s Beginning","1/5/21"
"Charlie Wilson's War","1/5/21"
"Better Call Saul: Season 5: Bagman","1/4/21"
"Better Call Saul: Season 5: JMM","1/4/21"
"No Country for Old Men","1/4/21"
"Better Call Saul: Season 5: Wexler v. Goodman","1/4/21"
"Better Call Saul: Season 5: Dedicado A Max","1/3/21"
"Better Call Saul: Season 5: Namaste","1/1/21"
"Better Call Saul: Season 5: The Guy For This","1/1/21"
"Better Call Saul: Season 5: 50% Off","12/31/20"
"Better Call Saul: Season 5: Magic Man","12/30/20"
"Better Call Saul: Season 4: Winner","12/30/20"
"Better Call Saul: Season 4: Wiedersehen","12/29/20"
"Better Call Saul: Season 4: Coushatta","12/29/20"
"Better Call Saul: Season 4: Something Stupid","12/29/20"
"Better Call Saul: Season 4: Piñata","12/29/20"
"Better Call Saul: Season 4: Quite a Ride","12/29/20"
"Better Call Saul: Season 4: Talk","12/29/20"
"Better Call Saul: Season 4: Something Beautiful","12/29/20"
"Better Call Saul: Season 4: Breathe","12/28/20"
"Better Call Saul: Season 4: Smoke","12/27/20"
"Better Call Saul: Season 3: Lantern","12/26/20"
"Better Call Saul: Season 3: Fall","12/26/20"
"Better Call Saul: Season 3: Slip","12/25/20"
"Better Call Saul: Season 3: Expenses","12/24/20"
"Better Call Saul: Season 3: Off Brand","12/22/20"
"Better Call Saul: Season 3: Chicanery","12/22/20"
"Better Call Saul: Season 3: Sabrosito","12/21/20"
"The Usual Suspects","12/21/20"
"How the Grinch Stole Christmas","12/19/20"
"Better Call Saul: Season 3: Sunk Costs","12/18/20"
"Dallas Buyers Club","12/17/20"
"Better Call Saul: Season 3: Witness","12/16/20"
"Better Call Saul: Season 3: Mabel","12/15/20"
"Klaus","12/13/20"
"The Nice Guys","12/12/20"
"Better Call Saul: Season 2: Klick","12/5/20"
"Better Call Saul: Season 2: Nailed","12/3/20"
"Better Call Saul: Season 2: Fifi","12/2/20"
"Better Call Saul: Season 2: Inflatable","12/2/20"
"Better Call Saul: Season 2: Bali Ha'i","12/2/20"
"Better Call Saul: Season 2: Rebecca","12/1/20"
"Better Call Saul: Season 2: Gloves Off","12/1/20"
"Better Call Saul: Season 2: Amarillo","11/29/20"
"Better Call Saul: Season 2: Cobbler","11/28/20"
"Better Call Saul: Season 2: Switch","11/25/20"
"The Crown: Season 2: Misadventure","11/24/20"
"The Queen's Gambit: Limited Series: End Game","11/23/20"
"The Queen's Gambit: Limited Series: Adjournment","11/23/20"
"The Queen's Gambit: Limited Series: Fork","11/20/20"
"The Crown: Season 1: Gloriana","11/20/20"
"The Crown: Season 1: Assassins","11/19/20"
"The Queen's Gambit: Limited Series: Middle Game","11/19/20"
"The Queen's Gambit: Limited Series: Doubled Pawns","11/17/20"
"The Queen's Gambit: Limited Series: Exchanges","11/17/20"
"The Crown: Season 1: Pride & Joy","11/16/20"
"The Queen's Gambit: Limited Series: Openings","11/16/20"
"The Crown: Season 1: Scientia Potentia Est","11/16/20"
"Better Call Saul: Season 1: Marco","11/15/20"
"Better Call Saul: Season 1: Pimento","11/15/20"
"Better Call Saul: Season 1: Rico","11/15/20"
"Better Call Saul: Season 1: Bingo","11/14/20"
"Better Call Saul: Season 1: Five-O","11/14/20"
"Rick and Morty: Season 4: The Vat of Acid Episode","11/14/20"
"Better Call Saul: Season 1: Alpine Shepherd Boy","11/14/20"
"Better Call Saul: Season 1: Hero","11/14/20"
"Better Call Saul: Season 1: Nacho","11/13/20"
"Modern Family: Season 10: A Year of Birthdays","11/13/20"
"Modern Family: Season 10: Commencement","11/13/20"
"Modern Family: Season 10: Can't Elope","11/13/20"
"Better Call Saul: Season 1: Mijo","11/12/20"
"Modern Family: Season 10: Yes-Woman","11/12/20"
"Modern Family: Season 10: Stand By Your Man","11/12/20"
"Modern Family: Season 10: The Wild","11/12/20"
"Modern Family: Season 10: Red Alert","11/11/20"
"Modern Family: Season 10: Whanex?","11/11/20"
"Modern Family: Season 10: Supershowerbabybowl","11/11/20"
"Modern Family: Season 10: We Need to Talk About Lily","11/11/20"
"Modern Family: Season 10: Blasts from the Past","11/10/20"
"Modern Family: Season 10: A Moving Day","11/10/20"
"Modern Family: Season 10: Stuck in a Moment","11/9/20"
"Modern Family: Season 10: Putting Down Roots","11/9/20"
"The Alienist: Angel of Darkness: Better Angels","11/9/20"
"Modern Family: Season 10: Kids These Days","11/9/20"
"Modern Family: Season 10: Did the Chicken Cross the Road?","11/9/20"
"The Alienist: Angel of Darkness: Last Exit to Brooklyn","11/8/20"
"The Alienist: Angel of Darkness: Memento Mori","11/8/20"
"Modern Family: Season 10: On the Same Paige","11/8/20"
"Modern Family: Season 10: Good Grief","11/8/20"
"Modern Family: Season 10: Torn Between Two Lovers","11/8/20"
"The Alienist: Angel of Darkness: Belly of the Beast","11/7/20"
"The Alienist: Angel of Darkness: Gilded Cage","11/6/20"
"Modern Family: Season 10: A Sketchy Area","11/6/20"
"Modern Family: Season 10: Kiss and Tell","11/6/20"
"The Alienist: Angel of Darkness: Labyrinth","11/5/20"
"Modern Family: Season 10: I Love a Parade","11/5/20"
"Modern Family: Season 9: Clash of Swords","11/5/20"
"Modern Family: Season 9: The Escape","11/5/20"
"Modern Family: Season 9: Mother!","11/5/20"
"Community: Season 6: Emotional Consequences of Broadcast Television","11/4/20"
"Modern Family: Season 9: CHiPs and Salsa","11/4/20"
"The Alienist: Angel of Darkness: Something Wicked","11/4/20"
"Community: Season 6: Wedding Videography","11/4/20"
"Community: Season 6: Modern Espionage","11/4/20"
"Modern Family: Season 9: Daddy Issues","11/4/20"
"Modern Family: Season 9: Royal Visit","11/4/20"
"Modern Family: Season 9: Wine Weekend","11/4/20"
"Modern Family: Season 9: Spanks for the Memories","11/4/20"
"Modern Family: Season 9: Written in the Stars","11/3/20"
"Modern Family: Season 9: In Your Head","11/3/20"
"Modern Family: Season 9: Dear Beloved Family","11/3/20"
"Modern Family: Season 9: He Said, She Shed","11/3/20"
"Community: Season 6: Basic RV Repair & Palmistry","11/2/20"
"Modern Family: Season 9: No Small Feet","11/2/20"
"Modern Family: Season 9: Tough Love","11/2/20"
"Modern Family: Season 9: Brushes with Celebrity","11/2/20"
"Modern Family: Season 9: Winner Winner Turkey Dinner","11/2/20"
"Modern Family: Season 9: Ten Years Later","11/2/20"
"Modern Family: Season 9: It's the Great Pumpkin, Phil Dunphy","11/2/20"
"Modern Family: Season 9: Sex, Lies and Kickball","11/2/20"
"Modern Family: Season 9: Catch of the Day","11/1/20"
"Modern Family: Season 9: The Long Goodbye","11/1/20"
"Modern Family: Season 9: Lake Life","11/1/20"
"Modern Family: Season 8: The Graduates","10/31/20"
"Modern Family: Season 8: Alone Time","10/31/20"
"Modern Family: Season 8: All Things Being Equal","10/31/20"
"Modern Family: Season 8: Frank's Wedding","10/30/20"
"Modern Family: Season 8: Five Minutes","10/30/20"
"Modern Family: Season 8: Pig Moon Rising","10/30/20"
"Modern Family: Season 8: Basketball!","10/29/20"
"Modern Family: Season 8: Finding Fizbo","10/28/20"
"Modern Family: Season 8: Heavy Is the Head","10/28/20"
"Modern Family: Season 8: Do It Yourself","10/28/20"
"Modern Family: Season 8: Do You Believe in Magic?","10/28/20"
"Modern Family: Season 8: Sarge & Pea","10/27/20"
"Modern Family: Season 8: Ringmaster Keifth","10/27/20"
"Modern Family: Season 8: Snow Ball","10/26/20"
"Modern Family: Season 8: The Alliance","10/26/20"
"The Alienist: Angel of Darkness: Ex Ore Infantium","10/26/20"
"Modern Family: Season 8: Thanksgiving Jamboree","10/26/20"
"Modern Family: Season 8: Grab It!","10/26/20"
"Modern Family: Season 8: Halloween 4: The Revenge of Rod Skyhook","10/25/20"
"Modern Family: Season 8: Weathering Heights","10/25/20"
"Modern Family: Season 8: Blindsided","10/24/20"
"Modern Family: Season 8: A Stereotypical Day","10/24/20"
"Modern Family: Season 8: A Tale of Three Cities","10/24/20"
"Modern Family: Season 7: Double-Click","10/24/20"
"Modern Family: Season 7: Crazy Train","10/23/20"
"Modern Family: Season 7: Promposal","10/22/20"
"Modern Family: Season 7: Man Shouldn't Lie","10/22/20"
"Modern Family: Season 7: The Party","10/22/20"
"Modern Family: Season 7: Express Yourself","10/22/20"
"Modern Family: Season 7: The Cover-Up","10/21/20"
"Modern Family: Season 7: I Don't Know How She Does It","10/21/20"
"Modern Family: Season 7: The Storm","10/21/20"
"Modern Family: Season 7: Thunk in the Trunk","10/21/20"
"Modern Family: Season 7: Clean for a Day","10/21/20"
"Modern Family: Season 7: Spread Your Wings","10/20/20"
"Modern Family: Season 7: Playdates","10/20/20"
"Modern Family: Season 7: White Christmas","10/20/20"
"Modern Family: Season 7: Clean Out Your Junk Drawer","10/19/20"
"Modern Family: Season 7: Phil's Sexy, Sexy House","10/19/20"
"Modern Family: Season 7: The More You Ignore Me","10/19/20"
"Modern Family: Season 7: The Verdict","10/19/20"
"Modern Family: Season 7: She Crazy","10/19/20"
"Modern Family: Season 7: The Closet Case","10/19/20"
"Modern Family: Season 7: The Day Alex Left for College","10/17/20"
"The Trial of the Chicago 7","10/17/20"
"Modern Family: Season 7: Summer Lovin'","10/17/20"
"Modern Family: Season 6: American Skyper","10/16/20"
"Modern Family: Season 6: Crying Out Loud","10/16/20"
"Modern Family: Season 6: Patriot Games","10/15/20"
"Modern Family: Season 6: Integrity","10/15/20"
"Modern Family: Season 6: Knock 'Em Down","10/15/20"
"Modern Family: Season 6: Grill, Interrupted","10/15/20"
"Modern Family: Season 6: Spring Break","10/14/20"
"Modern Family: Season 6: Closet? You'll Love It!","10/14/20"
"Modern Family: Season 6: Connection Lost","10/14/20"
"Modern Family: Season 6: Fight or Flight","10/14/20"
"Modern Family: Season 6: Valentine's Day 4: Twisted Sister","10/14/20"
"Modern Family: Season 6: Rash Decisions","10/14/20"
"Modern Family: Season 6: The Big Guns","10/13/20"
"Modern Family: Season 6: The Day We Almost Died","10/12/20"
"Modern Family: Season 6: Haley's 21st Birthday","10/12/20"
"Modern Family: Season 6: Strangers in the Night","10/12/20"
"Modern Family: Season 6: Three Turkeys","10/11/20"
"Modern Family: Season 6: Queer Eyes, Full Hearts","10/11/20"
"Modern Family: Season 6: Halloween 3: AwesomeLand","10/11/20"
"Modern Family: Season 6: Won't You Be Our Neighbor","10/11/20"
"Modern Family: Season 6: Marco Polo","10/10/20"
"Modern Family: Season 6: The Cold","10/10/20"
"Modern Family: Season 6: Do Not Push","10/10/20"
"Modern Family: Season 6: The Long Honeymoon","10/10/20"
"Modern Family: Season 5: The Wedding, Part 2","10/10/20"
"Modern Family: Season 5: The Wedding, Part 1","10/10/20"
"Modern Family: Season 5: Message Received","10/10/20"
"Modern Family: Season 5: Sleeper","10/9/20"
"Modern Family: Season 5: Australia","10/9/20"
"Modern Family: Season 5: A Hard Jay's Night","10/9/20"
"Modern Family: Season 5: Las Vegas","10/9/20"
"Modern Family: Season 5: Other People's Children","10/9/20"
"Modern Family: Season 5: Spring-a-Ding-Fling","10/8/20"
"Modern Family: Season 5: The Feud","10/8/20"
"Modern Family: Season 5: iSpy","10/8/20"
"Modern Family: Season 5: Three Dinners","10/7/20"
"Modern Family: Season 5: Under Pressure","10/7/20"
"Modern Family: Season 5: And One to Grow On","10/7/20"
"Modern Family: Season 5: The Old Man & the Tree","10/6/20"
"Modern Family: Season 5: The Big Game","10/6/20"
"Modern Family: Season 5: ClosetCon '13","10/5/20"
"Modern Family: Season 5: A Fair to Remember","10/5/20"
"Modern Family: Season 5: The Help","10/5/20"
"Modern Family: Season 5: The Late Show","10/5/20"
"Modern Family: Season 5: Farm Strong","10/4/20"
"Modern Family: Season 5: Larry's Wife","10/4/20"
"Modern Family: Season 5: First Days","10/3/20"
"Modern Family: Season 5: Suddenly, Last Summer","10/3/20"
"Modern Family: Season 4: Goodnight, Gracie","10/3/20"
"Modern Family: Season 4: Games People Play","10/3/20"
"Modern Family: Season 4: My Hero","10/3/20"
"Modern Family: Season 4: Career Day","10/2/20"
"Modern Family: Season 4: Flip Flop","10/1/20"
"Modern Family: Season 4: The Future Dunphys","10/1/20"
"Modern Family: Season 4: The Wow Factor","10/1/20"
"Modern Family: Season 4: Best Men","10/1/20"
"Modern Family: Season 4: Bad Hair Day","10/1/20"
"Community: Season 6: Grifting 101","10/1/20"
"Community: Season 6: Intro To Recycled Cinema","9/30/20"
"Modern Family: Season 4: Heart Broken","9/30/20"
"Modern Family: Season 4: A Slight at the Opera","9/30/20"
"Modern Family: Season 4: Fulgencio","9/30/20"
"Modern Family: Season 4: Party Crasher","9/30/20"
"Modern Family: Season 4: New Year's Eve","9/29/20"
"Modern Family: Season 4: Diamond in the Rough","9/29/20"
"Modern Family: Season 4: When a Tree Falls","9/29/20"
"Modern Family: Season 4: Mistery Date","9/28/20"
"Modern Family: Season 4: Arrested","9/28/20"
"Modern Family: Season 4: Yard Sale","9/28/20"
"Modern Family: Season 4: Open House of Horrors","9/27/20"
"Modern Family: Season 4: The Butler's Escape","9/26/20"
"Modern Family: Season 4: Snip","9/26/20"
"Modern Family: Season 4: Schooled","9/26/20"
"Modern Family: Season 4: Bringing Up Baby","9/25/20"
"Modern Family: Season 3: Baby on Board","9/25/20"
"Modern Family: Season 3: Tableau Vivant","9/25/20"
"Modern Family: Season 3: Disneyland","9/25/20"
"Modern Family: Season 3: Planes, Trains & Cars","9/24/20"
"The Big Lebowski","9/23/20"
"Modern Family: Season 3: The Last Walt","9/23/20"
"Modern Family: Season 3: Election Day","9/22/20"
"Memento","9/22/20"
"Modern Family: Season 3: Send Out the Clowns","9/22/20"
"Modern Family: Season 3: Leap Day","9/21/20"
"Modern Family: Season 3: Virgin Territory","9/21/20"
"Modern Family: Season 3: Aunt Mommy","9/21/20"
"Modern Family: Season 3: Me? Jealous?","9/19/20"
"Modern Family: Season 3: Little Bo Bleep","9/17/20"
"Modern Family: Season 3: Egg Drop","9/17/20"
"Modern Family: Season 3: Lifetime Supply","9/17/20"
"Modern Family: Season 3: Express Christmas","9/16/20"
"Modern Family: Season 3: Punkin Chunkin","9/16/20"
"Modern Family: Season 3: After the Fire","9/16/20"
"Modern Family: Season 3: Treehouse","9/16/20"
"Modern Family: Season 3: Go Bullfrogs!","9/16/20"
"Modern Family: Season 3: Hit and Run","9/16/20"
"Modern Family: Season 3: Door to Door","9/16/20"
"Modern Family: Season 3: Phil on Wire","9/16/20"
"Modern Family: Season 3: When Good Kids Go Bad","9/15/20"
"Modern Family: Season 3: Dude Ranch","9/14/20"
"Modern Family: Season 2: The One That Got Away","9/13/20"
"Modern Family: Season 2: See You Next Fall","9/13/20"
"Modern Family: Season 2: Good Cop, Bad Dog","9/12/20"
"Modern Family: Season 2: Mother's Day","9/12/20"
"Modern Family: Season 2: Someone to Watch Over Lily","9/12/20"
"Modern Family: Season 2: The Musical Man","9/11/20"
"Modern Family: Season 2: Boys' Night","9/10/20"
"Modern Family: Season 2: Two Monkeys and a Panda","9/10/20"
"Modern Family: Season 2: Regrets Only","9/10/20"
"Modern Family: Season 2: Princess Party","9/10/20"
"Modern Family: Season 2: Bixby's Back","9/9/20"
"Modern Family: Season 2: Caught in the Act","9/9/20"
"Modern Family: Season 2: Our Children, Ourselves","9/9/20"
"Modern Family: Season 2: Slow Down Your Neighbors","9/9/20"
"Modern Family: Season 2: Dance Dance Revelation","9/8/20"
"Modern Family: Season 2: Mother Tucker","9/8/20"
"Modern Family: Season 2: Manny Get Your Gun","9/8/20"
"Modern Family: Season 2: Chirp","9/8/20"
"Modern Family: Season 2: Halloween","9/8/20"
"Modern Family: Season 2: Unplugged","9/7/20"
"The Man from U.N.C.L.E.","9/7/20"
"Modern Family: Season 2: Strangers on a Treadmill","9/7/20"
"Modern Family: Season 2: Earthquake","9/7/20"
"Modern Family: Season 2: The Kiss","9/6/20"
"Modern Family: Season 2: The Old Wagon","9/6/20"
"Modern Family: Season 1: Family Portrait","9/6/20"
"Modern Family: Season 1: Hawaii","9/6/20"
"Modern Family: Season 1: Airport 2010","9/6/20"
"Modern Family: Season 1: Travels with Scout","9/6/20"
"Modern Family: Season 1: Benched","9/5/20"
"Modern Family: Season 1: Game Changer","9/5/20"
"Modern Family: Season 1: Starry Night","9/5/20"
"Modern Family: Season 1: Truth Be Told","9/4/20"
"Modern Family: Season 1: Fears","9/4/20"
"Modern Family: Season 1: My Funky Valentine","9/4/20"
"Modern Family: Season 1: Moon Landing","9/4/20"
"Modern Family: Season 1: Fifteen Percent","9/4/20"
"Modern Family: Season 1: Not in My House","9/4/20"
"Modern Family: Season 1: Up All Night","9/3/20"
"Modern Family: Season 1: Undeck the Halls","9/3/20"
"Modern Family: Season 1: Fizbo","9/3/20"
"Modern Family: Season 1: Great Expectations","9/3/20"
"Modern Family: Season 1: En Garde","9/3/20"
"Modern Family: Season 1: Run for Your Wife","9/3/20"
"Modern Family: Season 1: Coal Digger","9/3/20"
"Modern Family: Season 1: The Incident","9/3/20"
"Modern Family: Season 1: Come Fly with Me","9/3/20"
"Modern Family: Season 1: The Bicycle Thief","9/2/20"
"Modern Family: Season 1: Pilot","9/2/20"
"Better Call Saul: Season 1: Uno","9/2/20"
"Community: Season 6: Advanced Safety Feature","9/1/20"
"El Camino: A Breaking Bad Movie","9/1/20"
"Community: Season 6: Basic Email Security","8/30/20"
"Breaking Bad: Season 5: Felina","8/29/20"
"Breaking Bad: Season 5: Granite State","8/29/20"
"American Psycho","8/29/20"
"Breaking Bad: Season 5: Ozymandias","8/29/20"
"Breaking Bad: Season 5: To'hajiilee","8/29/20"
"Breaking Bad: Season 5: Rabid Dog","8/29/20"
"Breaking Bad: Season 5: Confessions","8/28/20"
"Breaking Bad: Season 5: Buried","8/28/20"
"Breaking Bad: Season 5: Blood Money","8/28/20"
"Breaking Bad: Season 5: Gliding Over All","8/28/20"
"Breaking Bad: Season 5: Say My Name","8/27/20"
"Breaking Bad: Season 5: Buyout","8/26/20"
"Breaking Bad: Season 5: Dead Freight","8/26/20"
"Breaking Bad: Season 5: Fifty-One","8/25/20"
"Breaking Bad: Season 5: Hazard Pay","8/18/20"
"Breaking Bad: Season 5: Madrigal","8/18/20"
"Rick and Morty: Season 4: Promortyus","8/17/20"
"Community: Season 6: Laws Of Robotics & Party Rights","8/17/20"
"Breaking Bad: Season 5: Live Free Or Die","8/12/20"
"Community: Season 6: Queer Studies & Advanced Waxing","8/12/20"
"Community: Season 6: Basic Crisis Room Decorum","8/7/20"
"Community: Season 6: Lawnmower Maintenance & Postnatal Care","8/7/20"
"Community: Season 6: Ladders","8/7/20"
"Breaking Bad: Season 4: Face Off","8/6/20"
"Breaking Bad: Season 4: Shotgun","8/6/20"
"Breaking Bad: Season 4: End Times","8/6/20"
"Community: Season 5: Basic Sandwich","8/5/20"
"Community: Season 5: Basic Story","8/4/20"
"Breaking Bad: Season 4: Crawl Space","8/2/20"
"Breaking Bad: Season 4: Salud","8/1/20"
"Community: Season 5: G.I. Jeff","7/31/20"
"Breaking Bad: Season 4: Bug","7/30/20"
"Breaking Bad: Season 4: Hermanos","7/30/20"
"Breaking Bad: Season 4: Problem Dog","7/30/20"
"Community: Season 5: Advanced Advanced Dungeons & Dragons","7/29/20"
"Community: Season 5: VCR Maintenance and Educational Publishing","7/29/20"
"Community: Season 5: App Development and Condiments","7/28/20"
"Breaking Bad: Season 4: Cornered","7/28/20"
"Community: Season 5: Bondage and Beta Male Sexuality","7/28/20"
"Community: Season 5: Analysis of Cork-Based Networking","7/28/20"
"Community: Season 5: Geothermal Escapism","7/27/20"
"Community: Season 5: Cooperative Polygraphy","7/26/20"
"Community: Season 5: Basic Intergluteal Numismatics","7/26/20"
"Community: Season 5: Introduction to Teaching","7/25/20"
"Breaking Bad: Season 4: Bullet Points","7/25/20"
"Breaking Bad: Season 4: Open House","7/24/20"
"Community: Season 5: Repilot","7/22/20"
"Narcos: Mexico: Season 1: Camelot","7/21/20"
"Community: Season 4: Advanced Introduction to Finality","7/21/20"
"Community: Season 4: Heroic Origins","7/21/20"
"Breaking Bad: Season 4: Thirty-Eight Snub","7/20/20"
"Breaking Bad: Season 4: Box Cutter","7/20/20"
"Breaking Bad: Season 3: Full Measure","7/20/20"
"Breaking Bad: Season 3: Half Measures","7/20/20"
"Breaking Bad: Season 3: Abiquiu","7/19/20"
"Community: Season 4: Basic Human Anatomy","7/19/20"
"Breaking Bad: Season 3: Fly","7/18/20"
"Community: Season 4: Intro to Knots","7/18/20"
"Breaking Bad: Season 3: Kafkaesque","7/18/20"
"Breaking Bad: Season 3: I See You","7/18/20"
"Community: Season 4: Intro to Felt Surrogacy","7/17/20"
"Breaking Bad: Season 3: One Minute","7/17/20"
"Breaking Bad: Season 3: Sunset","7/17/20"
"Breaking Bad: Season 3: Mas","7/17/20"
"Breaking Bad: Season 3: Green Light","7/17/20"
"Community: Season 4: Herstory of Dance","7/16/20"
"Breaking Bad: Season 3: I.F.T.","7/16/20"
"Money Heist: The Phenomenon","7/16/20"
"Money Heist: Part 4: The Paris Plan","7/16/20"
"Money Heist: Part 4: Strike the Tent","7/16/20"
"Money Heist: Part 4: TKO","7/16/20"
"Breaking Bad: Season 3: Caballo Sin Nombre","7/16/20"
"Breaking Bad: Season 3: No Más","7/15/20"
"Breaking Bad: Season 2: ABQ","7/15/20"
"Breaking Bad: Season 2: Phoenix","7/15/20"
"Breaking Bad: Season 2: Mandala","7/15/20"
"Breaking Bad: Season 2: Over","7/15/20"
"Breaking Bad: Season 2: 4 Days Out","7/14/20"
"Breaking Bad: Season 2: Better Call Saul","7/14/20"
"Breaking Bad: Season 2: Negro y Azul","7/13/20"
"Breaking Bad: Season 2: Peekaboo","7/13/20"
"Breaking Bad: Season 2: Breakage","7/13/20"
"Breaking Bad: Season 2: Down","7/12/20"
"The Hateful Eight","7/12/20"
"Breaking Bad: Season 2: Bit by a Dead Bee","7/12/20"
"Breaking Bad: Season 2: Grilled","6/25/20"
"Community: Season 4: Economics of Marine Biology","6/25/20"
"Money Heist: Part 4: 5 Minutes Earlier","6/24/20"
"Money Heist: Part 4: Pasodoble","6/24/20"
"Breaking Bad: Season 2: Seven Thirty-Seven","6/23/20"
"Breaking Bad: Season 1: A No-Rough-Stuff-Type Deal","6/23/20"
"Breaking Bad: Season 1: Crazy Handful of Nothin'","6/23/20"
"Breaking Bad: Season 1: Gray Matter","6/23/20"
"Breaking Bad: Season 1: Cancer Man","6/22/20"
"Breaking Bad: Season 1: And the Bag's in the River","6/21/20"
"Breaking Bad: Season 1: The Cat's in the Bag","6/21/20"
"Breaking Bad: Season 1: Pilot","6/21/20"
"Rick and Morty: Season 4: Never Ricking Morty","6/20/20"
"Money Heist: Part 4: Anatomy Lesson","6/20/20"
"Community: Season 4: Advanced Documentary Filmmaking","6/20/20"
"Money Heist: Part 4: Berlin's Wedding","6/19/20"
"Money Heist: Part 4: Game Over","6/19/20"
"Money Heist: Part 3: Astray","6/19/20"
"Community: Season 4: Cooperative Escapism in Familial Relations","6/18/20"
"Money Heist: Part 3: A Quick Vacation","6/18/20"
"Money Heist: Part 3: Everything Seemed Insignificant","6/18/20"
"Money Heist: Part 3: Boom, Boom, Ciao","6/18/20"
"Money Heist: Part 3: It's Dolphin Time","6/18/20"
"Money Heist: Part 3: 48 Meters Underground","6/18/20"
"Money Heist: Part 3: Aikido","6/18/20"
"Money Heist: Part 3: We're Back","6/18/20"
"Money Heist: Part 2: Episode 9","6/18/20"
"Money Heist: Part 2: Episode 8","6/18/20"
"Money Heist: Part 2: Episode 7","6/18/20"
"Community: Season 4: Alternative History of the German Invasion","6/17/20"
"Money Heist: Part 2: Episode 6","6/16/20"
"Money Heist: Part 2: Episode 5","6/16/20"
"Money Heist: Part 2: Episode 4","6/16/20"
"Community: Season 4: Conventions of Space and Time","6/14/20"
"Community: Season 4: Paranormal Parentage","6/12/20"
"Community: Season 4: History 101","6/12/20"
"Community: Season 3: Introduction to Finality","6/11/20"
"Community: Season 3: The First Chang Dynasty","6/11/20"
"Community: Season 3: Digital Estate Planning","6/10/20"
"Community: Season 3: Curriculum Unavailable","6/10/20"
"Community: Season 3: Course Listing Unavailable","6/8/20"
"Community: Season 3: Basic Lupine Urology","6/8/20"
"Community: Season 3: Virtual Systems Analysis","6/8/20"
"Community: Season 3: Origins of Vampire Mythology","6/6/20"
"Community: Season 3: Pillows and Blankets","6/5/20"
"Community: Season 3: Digital Exploration of Interior Design","6/4/20"
"Community: Season 3: Contemporary Impressionists","6/3/20"
"Community: Season 3: Urban Matrimony and the Sandwich Arts","6/3/20"
"Community: Season 3: Regional Holiday Music","6/1/20"
"Community: Season 3: Foosball and Nocturnal Vigilantism","6/1/20"
"Community: Season 3: Documentary Filmmaking: Redux","6/1/20"
"Community: Season 3: Studies in Modern Movement","6/1/20"
"Community: Season 3: Advanced Gay","5/29/20"
"Community: Season 3: Horror Fiction in Seven Spooky Steps","5/28/20"
"Community: Season 3: Remedial Chaos Theory","5/28/20"
"Community: Season 3: Competitive Ecology","5/28/20"
"Community: Season 3: Geography of Global Conflict","5/28/20"
"Community: Season 3: Biology 101","5/28/20"
"Community: Season 2: For a Few Paintballs More","5/27/20"
"Community: Season 2: A Fist Full of Paintballs","5/27/20"
"Community: Season 2: Applied Anthropology and Culinary Arts","5/27/20"
"Community: Season 2: Paradigms of Human Memory","5/27/20"
"Community: Season 2: Competitive Wine Tasting","5/26/20"
"Community: Season 2: Critical Film Studies","5/25/20"
"Community: Season 2: Custody Law and Eastern European Diplomacy","5/23/20"
"Community: Season 2: Intro to Political Science","5/22/20"
"Community: Season 2: Intermediate Documentary Filmmaking","5/21/20"
"Community: Season 2: Early 21st Century Romanticism","5/21/20"
"Community: Season 2: Advanced Dungeons and Dragons","5/21/20"
"Community: Season 2: Celebrity Pharmacology","5/20/20"
"Community: Season 2: Asian Population Studies","5/20/20"
"Community: Season 2: Abed's Uncontrollable Christmas","5/20/20"
"Community: Season 2: Mixology Certification","5/20/20"
"Community: Season 2: Conspiracy Theories and Interior Design","5/19/20"
"Community: Season 2: Cooperative Calligraphy","5/19/20"
"Community: Season 2: Aerodynamics of Gender","5/18/20"
"Brooklyn Nine-Nine: Season 5: NutriBoom","5/15/20"
"Brooklyn Nine-Nine: Season 5: The Puzzle Master","5/15/20"
"Brooklyn Nine-Nine: Season 5: The Box","5/15/20"
"Brooklyn Nine-Nine: Season 5: The Negotiation","5/15/20"
"Brooklyn Nine-Nine: Season 5: Safe House","5/15/20"
"Brooklyn Nine-Nine: Season 5: The Favor","5/14/20"
"Brooklyn Nine-Nine: Season 5: Game Night","5/14/20"
"Brooklyn Nine-Nine: Season 5: 99","5/13/20"
"Community: Season 2: Epidemiology","5/12/20"
"Community: Season 2: Messianic Myths and Ancient Peoples","5/12/20"
"Community: Season 2: Basic Rocket Science","5/12/20"
"Community: Season 2: The Psychology of Letting Go","5/11/20"
"Community: Season 2: Accounting for Lawyers","5/11/20"
"Community: Season 2: Anthropology 101","5/10/20"
"Community: Season 1: Pascal's Triangle Revisited","5/9/20"
"Community: Season 1: English as a Second Language","5/8/20"
"Community: Season 1: Modern Warfare","5/8/20"
"Community: Season 1: The Art of Discourse","5/8/20"
"Money Heist: Part 2: Episode 3","5/8/20"
"Community: Season 1: Contemporary American Poultry","5/6/20"
"Community: Season 1: The Science of Illusion","5/6/20"
"Community: Season 1: Beginner Pottery","5/6/20"
"Community: Season 1: Basic Genealogy","5/5/20"
"Community: Season 1: Physical Education","5/4/20"
"Community: Season 1: Communication Studies","5/3/20"
"Community: Season 1: Romantic Expressionism","5/3/20"
"Community: Season 1: Interpretive Dance","5/1/20"
"Community: Season 1: Investigative Journalism","5/1/20"
"Community: Season 1: Comparative Religion","5/1/20"
"Community: Season 1: The Politics of Human Sexuality","4/30/20"
"Money Heist: Part 2: Episode 2","4/24/20"
"Money Heist: Part 2: Episode 1","4/24/20"
"Community: Season 1: Environmental Science","4/24/20"
"Money Heist: Part 1: Episode 13","4/23/20"
"Money Heist: Part 1: Episode 12","4/22/20"
"Money Heist: Part 1: Episode 11","4/21/20"
"Money Heist: Part 1: Episode 10","4/19/20"
"Money Heist: Part 1: Episode 9","4/19/20"
"Money Heist: Part 1: Episode 8","4/19/20"
"Money Heist: Part 1: Episode 7","4/19/20"
"Money Heist: Part 1: Episode 6","4/19/20"
"Money Heist: Part 1: Episode 5","4/19/20"
"Money Heist: Part 1: Episode 4","4/19/20"
"Money Heist: Part 1: Episode 3","4/19/20"
"Money Heist: Part 1: Episode 2","4/18/20"
"Money Heist: Part 1: Episode 1","4/18/20"
"Brooklyn Nine-Nine: Season 5: Two Turkeys","4/16/20"
"Brooklyn Nine-Nine: Season 5: Bad Beat","4/16/20"
"Brooklyn Nine-Nine: Season 5: HalloVeen","4/16/20"
"Brooklyn Nine-Nine: Season 5: Kicks","4/15/20"
"Brooklyn Nine-Nine: Season 5: The Big House, Pt. 2","4/15/20"
"Community: Season 1: Debate 109","4/15/20"
"Community: Season 1: Home Economics","4/14/20"
"Community: Season 1: Introduction to Statistics","4/14/20"
"Tiger King: Murder, Mayhem and Madness: Limited Series: Dethroned","4/13/20"
"Tiger King: Murder, Mayhem and Madness: Limited Series: The Noble Thing to Do","4/13/20"
"Tiger King: Murder, Mayhem and Madness: Limited Series: Make America Exotic Again","4/12/20"
"Community: Season 1: Football, Feminism and You","4/12/20"
"Brooklyn Nine-Nine: Season 5: The Big House, Pt. 1","4/12/20"
"Brooklyn Nine-Nine: Season 4: Crime & Punishment","4/12/20"
"Brooklyn Nine-Nine: Season 4: The Bank Job","4/12/20"
"Community: Season 1: Advanced Criminal Law","4/12/20"
"Community: Season 1: Social Psychology","4/12/20"
"Community: Season 1: Introduction to Film","4/12/20"
"Community: Season 1: Spanish 101","4/11/20"
"Community: Season 1: Community","4/11/20"
"Tiger King: Murder, Mayhem and Madness: Limited Series: Playing with Fire","4/11/20"
"Tiger King: Murder, Mayhem and Madness: Limited Series: The Secret","4/11/20"
"Tiger King: Murder, Mayhem and Madness: Limited Series: Cult of Personality","4/11/20"
"Love Is Blind: Season 1: Couples Retreat","4/9/20"
"Tiger King: Murder, Mayhem and Madness: Limited Series: Not Your Average Joe","4/5/20"
"Love Is Blind: Season 1: First Night Together","3/30/20"
"Love Is Blind: Season 1: Will You Marry Me?","3/29/20"
"Brooklyn Nine-Nine: Season 4: The Slaughterhouse","3/28/20"
"DEATH NOTE: Season 1: Guidance","3/27/20"
"DEATH NOTE: Season 1: Performance","3/27/20"
"Love Is Blind: Season 1: Is Love Blind?","3/26/20"
"DEATH NOTE: Season 1: Makeshift","3/25/20"
"DEATH NOTE: Season 1: Matsuda","3/25/20"
"DEATH NOTE: Season 1: Ally","3/23/20"
"DEATH NOTE: Season 1: Execution","3/23/20"
"DEATH NOTE: Season 1: Decision","3/22/20"
"DEATH NOTE: Season 1: Wager","3/22/20"
"DEATH NOTE: Season 1: Friend","3/21/20"
"La La Land","3/21/20"
"DEATH NOTE: Season 1: Confession","3/21/20"
"DEATH NOTE: Season 1: Love","3/19/20"
"Brooklyn Nine-Nine: Season 4: Your Honor","3/19/20"
"Brooklyn Nine-Nine: Season 4: Chasing Amy","3/19/20"
"Brooklyn Nine-Nine: Season 4: Cop-Con","3/19/20"
"Brooklyn Nine-Nine: Season 4: Moo Moo","3/19/20"
"Blade Runner: The Final Cut","3/19/20"
"DEATH NOTE: Season 1: Assault","3/19/20"
"DEATH NOTE: Season 1: Doubt","3/19/20"
"DEATH NOTE: Season 1: Encounter","3/19/20"
"DEATH NOTE: Season 1: Glare","3/19/20"
"DEATH NOTE: Season 1: Overcast","3/19/20"
"DEATH NOTE: Season 1: Unraveling","3/19/20"
"DEATH NOTE: Season 1: Tactics","3/18/20"
"DEATH NOTE: Season 1: Pursuit","3/18/20"
"DEATH NOTE: Season 1: Dealings","3/18/20"
"DEATH NOTE: Season 1: Confrontation","3/18/20"
"DEATH NOTE: Season 1: Rebirth","3/18/20"
"Black Mirror: Season 3: Nosedive","3/17/20"
"Midsommar","3/15/20"
"Shaun of the Dead","3/15/20"
"BoJack Horseman: Season 6: Nice While It Lasted","3/13/20"
"BoJack Horseman: Season 6: The View from Halfway Down","3/13/20"
"BoJack Horseman: Season 6: Angela","3/12/20"
"BoJack Horseman: Season 6: The Horny Unicorn","3/11/20"
"BoJack Horseman: Season 6: Xerox of a Xerox","3/11/20"
"BoJack Horseman: Season 6: Sunk Cost and All That","3/11/20"
"BoJack Horseman: Season 6: Good Damage","3/10/20"
"BoJack Horseman: Season 6: Intermediate Scene Study w/ BoJack Horseman","3/10/20"
"BoJack Horseman: Season 6: A Quick One, While He's Away","3/10/20"
"Spider-Man: Far from Home","3/10/20"
"BoJack Horseman: Season 6: The Face of Depression","3/9/20"
"BoJack Horseman: Season 6: The Kidney Stays in the Picture","3/8/20"
"BoJack Horseman: Season 6: A Little Uneven, Is All","3/8/20"
"2001: A Space Odyssey","3/8/20"
"BoJack Horseman: Season 6: Surprise!","3/6/20"
"BoJack Horseman: Season 6: Feel-Good Story","3/5/20"
"BoJack Horseman: Season 6: The New Client","2/26/20"
"Moonrise Kingdom","2/15/20"
"Brooklyn Nine-Nine: Season 4: The Last Ride","2/12/20"
"","2/11/20"
"Inglourious Basterds","2/10/20"
"Brooklyn Nine-Nine: Season 4: Serve & Protect","2/9/20"
"Brooklyn Nine-Nine: Season 4: The Audit","2/9/20"
"Uncut Gems","2/9/20"
"Psycho","2/8/20"
"BoJack Horseman: Season 6: A Horse Walks into a Rehab","1/31/20"
"Peaky Blinders: Season 5: Mr Jones","1/31/20"
"The Good Place: Season 4: Whenever You're Ready","1/31/20"
"Peaky Blinders: Season 5: The Shock","1/31/20"
"Spotlight","1/30/20"
"ROMA","1/30/20"
"Peaky Blinders: Season 5: The Loop","1/30/20"
"Big Mouth: Season 3: Super Mouth","1/30/20"
"Big Mouth: Season 3: Disclosure the Movie: The Musical!","1/30/20"
"Big Mouth: Season 3: The ASSes","1/30/20"
"Big Mouth: Season 3: Rankings","1/29/20"
"The Two Popes","1/29/20"
"Spider-Man: Into the Spider-Verse","1/29/20"
"Peaky Blinders: Season 5: Strategy","1/29/20"
"Marriage Story","1/28/20"
"Peaky Blinders: Season 5: Black Cats","1/28/20"
"Peaky Blinders: Season 5: Black Tuesday","1/27/20"
"Big Mouth: Season 3: Duke","1/27/20"
"Big Mouth: Season 3: How To Have An Orgasm","1/26/20"
"Peaky Blinders: Season 4: The Company","1/25/20"
"Peaky Blinders: Season 4: The Duel","1/25/20"
"Peaky Blinders: Season 4: Dangerous","1/25/20"
"Peaky Blinders: Season 4: Blackbird","1/24/20"
"Peaky Blinders: Season 4: Heathens","1/24/20"
"Peaky Blinders: Season 4: The Noose","1/24/20"
"The Good Place: Season 4: Patty","1/24/20"
"Peaky Blinders: Season 3: Episode 6","1/24/20"
"Peaky Blinders: Season 3: Episode 5","1/24/20"
"Peaky Blinders: Season 3: Episode 4","1/24/20"
"Big Mouth: Season 3: Florida","1/23/20"
"Peaky Blinders: Season 3: Episode 3","1/23/20"
"Peaky Blinders: Season 3: Episode 2","1/23/20"
"Peaky Blinders: Season 3: Episode 1","1/23/20"
"Peaky Blinders: Season 2: Episode 6","1/23/20"
"Peaky Blinders: Season 2: Episode 5","1/23/20"
"Peaky Blinders: Season 2: Episode 4","1/22/20"
"Peaky Blinders: Season 2: Episode 3","1/22/20"
"Peaky Blinders: Season 2: Episode 2","1/21/20"
"Peaky Blinders: Season 2: Episode 1","1/21/20"
"Peaky Blinders: Season 1: Episode 6","1/21/20"
"Peaky Blinders: Season 1: Episode 5","1/21/20"
"Peaky Blinders: Season 1: Episode 4","1/20/20"
"Peaky Blinders: Season 1: Episode 3","1/20/20"
"Peaky Blinders: Season 1: Episode 2","1/20/20"
"Peaky Blinders: Season 1: Episode 1","1/20/20"
"Brooklyn Nine-Nine: Season 4: The Fugitive: Part 2","1/19/20"
"Brooklyn Nine-Nine: Season 4: The Fugitive: Part 1","1/19/20"
"Brooklyn Nine-Nine: Season 4: Captain Latvia","1/19/20"
"Big Mouth: Season 3: Obsessed","1/19/20"
"Big Mouth: Season 3: Cellsea","1/19/20"
"Sex Education: Season 2: Episode 8","1/18/20"
"Sex Education: Season 2: Episode 7","1/18/20"
"Sex Education: Season 2: Episode 6","1/18/20"
"Sex Education: Season 2: Episode 5","1/18/20"
"Sex Education: Season 2: Episode 4","1/18/20"
"Sex Education: Season 2: Episode 3","1/17/20"
"Sex Education: Season 2: Episode 2","1/17/20"
"Sex Education: Season 2: Episode 1","1/17/20"
"The Good Place: Season 4: Mondays, Am I Right?","1/17/20"
"Big Mouth: Season 3: Girls Are Angry Too","1/16/20"
"Friends: Season 10: The Last One: Part 1 & Part 2","1/16/20"
"Friends: Season 10: The One with Rachel's Going Away Party","1/16/20"
"Friends: Season 10: The One Where Estelle Dies","1/16/20"
"Friends: Season 10: The One with Princess Consuela","1/16/20"
"Friends: Season 10: The One Where Joey Speaks French","1/16/20"
"Friends: Season 10: The One with Phoebe's Wedding","1/15/20"
"Friends: Season 10: The One Where the Stripper Cries","1/15/20"
"Rick and Morty: Season 4: Rattlestar Ricklactica","1/15/20"
"Friends: Season 10: The One Where Chandler Gets Caught","1/15/20"
"The Alienist: Castle in the Sky","1/15/20"
"The Alienist: Requiem","1/15/20"
"Friends: Season 10: The One with the Birth Mother","1/15/20"
"Rick and Morty: Season 4: Claw and Hoarder: Special Ricktim’s Morty","1/15/20"
"Rick and Morty: Season 4: One Crew over the Crewcoo’s Morty","1/15/20"
"Friends: Season 10: The One with the Late Thanksgiving","1/14/20"
"Friends: Season 10: The One with The Home Study","1/14/20"
"Friends: Season 10: The One with Ross's Grant","1/14/20"
"The Alienist: Psychopathia Sexualis","1/13/20"
"Friends: Season 10: The One Where Rachel's Sister Babysits","1/13/20"
"The Alienist: Many Sainted Men","1/13/20"
"The Alienist: Ascension","1/13/20"
"Rick and Morty: Season 4: The Old Man and the Seat","1/13/20"
"Friends: Season 10: The One with the Cake","1/13/20"
"Rick and Morty: Season 4: Edge of Tomorty: Rick Die Rickpeat","1/13/20"
"Friends: Season 10: The One with Ross's Tan","1/13/20"
"Friends: Season 10: The One Where Ross Is Fine","1/13/20"
"Friends: Season 10: The One After Joey and Rachel Kiss","1/13/20"
"Friends: Season 9: The One in Barbados","1/13/20"
"Friends: Season 9: The One with the Donor","1/12/20"
"Friends: Season 9: The One with the Fertility Test","1/12/20"
"Friends: Season 9: The One with the Soap Opera Party","1/12/20"
"Friends: Season 9: The One with Rachel's Dream","1/11/20"
"Friends: Season 9: The One with the Lottery","1/11/20"
"The Good Place: Season 4: You've Changed, Man","1/11/20"
"Friends: Season 9: The One with the Memorial Service","1/11/20"
"Friends: Season 9: The One with the Boob Job","1/11/20"
"Friends: Season 9: The One with the Mugging","1/9/20"
"Friends: Season 9: The One with the Blind Dates","1/9/20"
"Friends: Season 9: The One Where Monica Sings","1/9/20"
"The Alienist: Hildebrandt’s Starling","1/7/20"
"The Alienist: These Bloody Thoughts","1/7/20"
"Friends: Season 9: The One with Phoebe's Rats","1/6/20"
"Friends: Season 9: The One Where Rachel Goes Back to Work","1/6/20"
"The Alienist: Silver Smile","1/6/20"
"The Alienist: A Fruitful Partnership","1/6/20"
"Friends: Season 9: The One with Christmas in Tulsa","1/6/20"
"The Alienist: The Boy on the Bridge","1/5/20"
"You: Season 2: Love, Actually","1/4/20"
"Friends: Season 9: The One with Rachel's Phone Number","1/4/20"
"Friends: Season 9: The One with Rachel's Other Sister","1/4/20"
"Friends: Season 9: The One with Ross' Inappropriate Song","1/4/20"
"You: Season 2: P.I. Joe","1/4/20"
"You: Season 2: Fear and Loathing in Beverly Hills","1/4/20"
"You: Season 2: Ex-istential Crisis","1/4/20"
"Friends: Season 9: The One with the Male Nanny","1/2/20"
"Friends: Season 9: The One with Phoebe's Birthday Dinner","1/2/20"
"Friends: Season 9: The One with the Sharks","1/2/20"
"Friends: Season 9: The One with the Pediatrician","1/2/20"
"Friends: Season 9: The One Where Emma Cries","1/2/20"
"You: Season 2: Farewell, My Bunny","12/31/19"
"You: Season 2: Have a Good Wellkend, Joe!","12/31/19"
"You: Season 2: The Good, the Bad, & the Hendy","12/30/19"
"You: Season 2: What Are Friends For?","12/30/19"
"You: Season 2: Just the Tip","12/29/19"
"You: Season 2: A Fresh Start","12/29/19"
"Brooklyn Nine-Nine: Season 4: The Overmining","12/25/19"
"Brooklyn Nine-Nine: Season 4: Skyfire Cycle","12/25/19"
"The Good Place: Season 4: The Answer","12/25/19"
"The Good Place: Season 4: The Funerals To End All Funerals","12/25/19"
"The Good Place: Season 4: Help is Other People","12/25/19"
"The Good Place: Season 4: A Chip Driver Mystery","12/25/19"
"Friends: Season 9: The One Where No One Proposes","12/25/19"
"Friends: Season 8: The One Where Rachel Has a Baby: Part 2","12/25/19"
"Friends: Season 8: The One Where Rachel Has a Baby: Part 1","12/24/19"
"Friends: Season 8: The One Where Rachel Is Late","12/24/19"
"Friends: Season 8: The One with the Cooking Class","12/23/19"
"Friends: Season 8: The One with the Baby Shower","12/23/19"
"Friends: Season 8: The One with Joey's Interview","12/23/19"
"Friends: Season 8: The One in Massapequa","12/23/19"
"Friends: Season 8: The One with the Tea Leaves","12/22/19"
"Friends: Season 8: The One Where Joey Tells Rachel","12/21/19"
"Friends: Season 8: The One with the Birthing Video","12/19/19"
"Brooklyn Nine-Nine: Season 4: Mr. Santiago","12/19/19"
"Brooklyn Nine-Nine: Season 4: Monster in the Closet","12/19/19"
"Friends: Season 8: The One with the Secret Closet","12/18/19"
"Friends: Season 8: The One Where Chandler Takes a Bath","12/18/19"
"Friends: Season 8: The One Where Joey Dates Rachel","12/18/19"
"Friends: Season 8: The One with the Creepy Holiday Card","12/18/19"
"Friends: Season 8: The One with Monica's Boots","12/18/19"
"Friends: Season 8: The One with the Rumor","12/18/19"
"Friends: Season 8: The One with the Stripper","12/18/19"
"Friends: Season 8: The One with the Stain","12/18/19"
"Friends: Season 8: The One with the Halloween Party","12/18/19"
"Friends: Season 8: The One with Rachel's Date","12/17/19"
"Friends: Season 8: The One with the Videotape","12/17/19"
"Friends: Season 8: The One Where Rachel Tells ...","12/17/19"
"Friends: Season 8: The One with the Red Sweater","12/17/19"
"Friends: Season 8: The One After I Do","12/17/19"
"Friends: Season 7: The One with Chandler and Monica's Wedding: Part 2","12/15/19"
"Friends: Season 7: The One with Chandler and Monica's Wedding: Part 1","12/15/19"
"Friends: Season 7: The One with Chandler's Dad","12/15/19"
"Friends: Season 7: The One with the Vows","12/15/19"
"Friends: Season 7: The One with Rachel's Big Kiss","12/15/19"
"Friends: Season 7: The One with Ross and Monica's Cousin","12/15/19"
"Friends: Season 7: The One with Joey's Award","12/15/19"
"Friends: Season 7: The One with the Cheap Wedding Dress","12/15/19"
"Friends: Season 7: The One with the Truth About London","12/15/19"
"Friends: Season 7: The One with Joey's New Brain","12/15/19"
"Friends: Season 7: The One Where They All Turn Thirty","12/15/19"
"Friends: Season 7: The One Where Rosita Dies","12/14/19"
"Friends: Season 7: The One Where They're Up All Night","12/14/19"
"Friends: Season 7: The One with All the Cheesecakes","12/14/19"
"Friends: Season 7: The One with the Holiday Armadillo","12/14/19"
"Friends: Season 7: The One with All the Candy","12/14/19"
"Friends: Season 7: The One Where Chandler Doesn't Like Dogs","12/13/19"
"Friends: Season 7: The One with Ross' Library Book","12/13/19"
"Friends: Season 7: The One with the Nap Partners","12/13/19"
"Friends: Season 7: The One with the Engagement Picture","12/12/19"
"Friends: Season 7: The One with Rachel's Assistant","12/12/19"
"Friends: Season 7: The One with Phoebe's Cookies","12/12/19"
"Friends: Season 7: The One with Rachel's Book","12/11/19"
"Friends: Season 7: The One with Monica's Thunder","12/10/19"
"Friends: Season 6: The One with the Proposal: Part 2","12/10/19"
"Friends: Season 6: The One with the Proposal: Part 1","12/9/19"
"Friends: Season 6: The One with the Ring","12/9/19"
"Friends: Season 6: The One Where Paul's the Man","12/9/19"
"Friends: Season 6: The One Where Ross Meets Elizabeth's Dad","12/9/19"
"Friends: Season 6: The One with Mac and C.H.E.E.S.E","12/9/19"
"Friends: Season 6: The One with Joey's Fridge","12/9/19"
"Friends: Season 6: The One Where Ross Dates a Student","12/9/19"
"Friends: Season 6: The One with Unagi","12/9/19"
"The Prestige","12/8/19"
"Friends: Season 6: The One That Could Have Been: Part 2","12/8/19"
"Friends: Season 6: The One That Could Have Been: Part 1","12/8/19"
"Friends: Season 6: The One Where Chandler Can't Cry","12/8/19"
"Friends: Season 6: The One with Rachel's Sister","12/7/19"
"Friends: Season 6: The One with the Joke","12/7/19"
"Friends: Season 6: The One with the Apothecary Table","12/7/19"
"Friends: Season 6: The One with the Routine","12/7/19"
"Friends: Season 6: The One Where Ross Got High","12/7/19"
"Friends: Season 6: The One with Ross's Teeth","12/7/19"
"Friends: Season 6: The One Where Phoebe Runs","12/7/19"
"Friends: Season 6: The One on the Last Night","12/7/19"
"Friends: Season 6: The One with Joey's Porsche","12/7/19"
"Mad Max: Fury Road","12/6/19"
"The Social Network","12/6/19"
"Friends: Season 6: The One Where Joey Loses His Insurance","12/6/19"
"Friends: Season 6: The One with Ross's Denial","12/6/19"
"Friends: Season 6: The One Where Ross Hugs Rachel","12/6/19"
"Friends: Season 6: The One After Vegas","12/5/19"
"The Crown: Season 1: Gelignite","12/5/19"
"Friends: Season 5: The One in Vegas: Part 2","12/5/19"
"Friends: Season 5: The One in Vegas: Part 1","12/5/19"
"Friends: Season 5: The One with Joey's Big Break","12/5/19"
"Friends: Season 5: The One with the Ball","12/5/19"
"Friends: Season 5: The One with the Ride-Along","12/5/19"
"Friends: Season 5: The One Where Ross Can't Flirt","12/5/19"
"Friends: Season 5: The One Where Rachel Smokes","12/4/19"
"Friends: Season 5: The One with Rachel's Inadvertent Kiss","12/4/19"
"Friends: Season 5: The One with the Cop","12/4/19"
"Friends: Season 5: The One with the Girl Who Hits Joey","12/4/19"
"Friends: Season 5: The One Where Everybody Finds Out","12/4/19"
"Friends: Season 5: The One with Joey's Bag","12/3/19"
"Friends: Season 5: The One with Chandler's Work Laugh","12/3/19"
"Friends: Season 5: The One with All the Resolutions","12/3/19"
"Friends: Season 5: The One with the Inappropriate Sister","12/3/19"
"Friends: Season 5: The One with Ross's Sandwich","12/3/19"
"Friends: Season 5: The One with All the Thanksgivings","12/3/19"
"Friends: Season 5: The One with the Yeti","12/3/19"
"Friends: Season 5: The One Where Ross Moves In","12/2/19"
"Friends: Season 5: The One with the Kips","12/2/19"
"Friends: Season 5: The One Where Phoebe Hates PBS","12/1/19"
"Interstellar","12/1/19"
"Friends: Season 5: The One Hundredth","12/1/19"
"Friends: Season 5: The One with All the Kissing","12/1/19"
"Friends: Season 5: The One After Ross Says Rachel","11/30/19"
"Friends: Season 4: The One with Ross's Wedding: Part 2","11/30/19"
"Friends: Season 4: The One with Ross's Wedding: Part 1","11/30/19"
"Friends: Season 4: The One with the Worst Best Man Ever","11/30/19"
"Friends: Season 4: The One with the Invitation","11/30/19"
"Friends: Season 4: The One with the Wedding Dresses","11/30/19"
"Friends: Season 4: The One with All the Haste","11/30/19"
"Friends: Season 4: The One with Rachel's New Dress","11/30/19"
"Friends: Season 4: The One with the Free Porn","11/29/19"
"Friends: Season 4: The One with the Fake Party","11/29/19"
"Friends: Season 4: The One with All the Rugby","11/29/19"
"Friends: Season 4: The One with Joey's Dirty Day","11/29/19"
"Friends: Season 4: The One with Rachel's Crush","11/29/19"
"Friends: Season 4: The One with the Embryos","11/28/19"
"Friends: Season 4: The One with Phoebe's Uterus","11/28/19"
"Friends: Season 4: The One with the Girl from Poughkeepsie","11/28/19"
"Friends: Season 4: The One Where They're Going to Party","11/28/19"
"Friends: Season 4: The One with Chandler in a Box","11/28/19"
"Friends: Season 4: The One Where Chandler Crosses the Line","11/28/19"
"Friends: Season 4: The One with the Dirty Girl","11/27/19"
"Friends: Season 4: The One with Joey's New Girlfriend","11/27/19"
"Friends: Season 4: The One with the Ballroom Dancing","11/27/19"
"Friends: Season 4: The One with the 'Cuffs","11/27/19"
"Friends: Season 4: The One with the Cat","11/27/19"
"Friends: Season 4: The One with the Jellyfish","11/27/19"
"Ocean's Thirteen","11/26/19"
"Ocean's Twelve","11/26/19"
"Friends: Season 3: The One at the Beach","11/25/19"
"Friends: Season 3: The One with the Ultimate Fighting Champion","11/25/19"
"Friends: Season 3: The One with Ross's Thing","11/25/19"
"Friends: Season 3: The One with the Screamer","11/25/19"
"Friends: Season 3: The One with a Chick. And a Duck","11/25/19"
"Friends: Season 3: The One with the Dollhouse","11/25/19"
"Friends: Season 3: The One with the Tiny T-Shirt","11/25/19"
"Friends: Season 3: The One with the Hypnosis Tape","11/25/19"
"Friends: Season 3: The One Without the Ski Trip","11/25/19"
"Friends: Season 3: The One The Morning After","11/25/19"
"Friends: Season 3: The One Where Ross & Rachel Take a Break","11/25/19"
"Friends: Season 3: The One with Phoebe's Ex-Partner","11/24/19"
"Friends: Season 3: The One Where Monica & Richard Are Just Friends","11/24/19"
"Friends: Season 3: The One with All the Jealousy","11/24/19"
"Friends: Season 3: The One Where Chandler Can't Remember Which Sister","11/24/19"
"Friends: Season 3: The One Where Rachel Quits","11/24/19"
"Friends: Season 3: The One with the Football","11/23/19"
"Friends: Season 3: The One with the Giant Poking Device","11/23/19"
"Friends: Season 3: The One with the Race Car Bed","11/23/19"
"Friends: Season 3: The One with the Flashback","11/23/19"
"Friends: Season 3: The One with Frank Jr","11/23/19"
"Friends: Season 3: The One with the Metaphorical Tunnel","11/22/19"
"Friends: Season 3: The One with the Jam","11/22/19"
"Friends: Season 3: The One Where No One's Ready","11/21/19"
"Friends: Season 3: The One with the Princess Leia Fantasy","11/21/19"
"Friends: Season 2: The One with Barry and Mindy's Wedding","11/21/19"
"Friends: Season 2: The One with the Chicken Pox","11/21/19"
"Friends: Season 2: The One with the Two Parties","11/21/19"
"Friends: Season 2: The One with the Bullies","11/21/19"
"Friends: Season 2: The One Where Old Yeller Dies","11/21/19"
"Friends: Season 2: The One Where Eddie Won't Go","11/21/19"
"Friends: Season 2: The One Where Dr. Ramoray Dies","11/21/19"
"Friends: Season 2: The One Where Eddie Moves In","11/21/19"
"Friends: Season 2: The One Where Joey Moves Out","11/20/19"
"Friends: Season 2: The One Where Ross and Rachel...You Know","11/20/19"
"Friends: Season 2: The One with the Prom Video","11/20/19"
"Friends: Season 2: The One After the Super Bowl: Part 2","11/19/19"
"Friends: Season 2: The One After the Super Bowl: Part 1","11/19/19"
"Friends: Season 2: The One with the Lesbian Wedding","11/19/19"
"Friends: Season 2: The One with Russ","11/19/19"
"Friends: Season 2: The One with Phoebe's Dad","11/19/19"
"Friends: Season 2: The One with the List","11/19/19"
"Friends: Season 2: The One Where Ross Finds Out","11/18/19"
"Friends: Season 2: The One with the Baby on the Bus","11/18/19"
"Friends: Season 2: The One with Five Steaks and an Eggplant","11/18/19"
"Friends: Season 2: The One with Phoebe's Husband","11/18/19"
"Friends: Season 2: The One Where Heckles Dies","11/18/19"
"Friends: Season 2: The One with the Breast Milk","11/18/19"
"Friends: Season 2: The One with Ross's New Girlfriend","11/18/19"
"Friends: Season 1: The One Where Rachel Finds Out","11/18/19"
"Friends: Season 1: The One with the Birth","11/18/19"
"Friends: Season 1: The One with the Ick Factor","11/18/19"
"Friends: Season 1: The One with the Fake Monica","11/18/19"
"Friends: Season 1: The One with the Evil Orthodontist","11/18/19"
"Friends: Season 1: The One Where the Monkey Gets Away","11/17/19"
"Friends: Season 1: The One with All the Poker","11/17/19"
"Friends: Season 1: The One with the Two Parts: Part 2","11/17/19"
"Friends: Season 1: The One with the Two Parts: Part 1","11/17/19"
"Friends: Season 1: The One with the Stoned Guy","11/16/19"
"Friends: Season 1: The One with the Candy Hearts","11/16/19"
"Friends: Season 1: The One with the Boobies","11/16/19"
"Friends: Season 1: The One with the Dozen Lasagnas","11/16/19"
"Friends: Season 1: The One with Mrs. Bing","11/16/19"
"Friends: Season 1: The One with the Monkey","11/16/19"
"Friends: Season 1: The One Where Underdog Gets Away","11/16/19"
"Inception","11/15/19"
"Friends: Season 1: The One Where Nana Dies Twice","11/15/19"
"Friends: Season 1: The One with the Blackout","11/15/19"
"Friends: Season 1: The One with the Butt","11/12/19"
"Friends: Season 1: The One with the East German Laundry Detergent","11/5/19"
"Friends: Season 1: The One with George Stephanopoulos","11/5/19"
"Peaky Blinders: Season 5 (Trailer)","10/17/19"
"Big Mouth: Season 3: My Furry Valentine","10/15/19"
"Big Mouth: Season 2: The Department of Puberty","10/15/19"
"Big Mouth: Season 2: Smooch or Share","10/14/19"
"Big Mouth: Season 2: Dark Side of the Boob","10/14/19"
"Big Mouth: Season 2: Guy Town","10/13/19"
"Brooklyn Nine-Nine: Season 3: Yippie Kayak","10/13/19"
"Brooklyn Nine-Nine: Season 3: The Swedes","10/12/19"
"Brooklyn Nine-Nine: Season 3: Ava","10/12/19"
"Big Mouth: Season 2: Drug Buddies","10/12/19"
"Big Mouth: Season 2: The Planned Parenthood Show","10/12/19"
"The Dark Knight Rises","10/9/19"
"The Dark Knight","10/7/19"
"Batman Begins","10/6/19"
"Big Mouth: Season 2: Steve the Virgin","10/6/19"
"The Crown: Season 1: Smoke and Mirrors","10/6/19"
"13 Reasons Why: Season 1: Tape 1, Side A","9/30/19"
"Minority Report","9/16/19"
"The Crown: Season 1: Act of God","9/14/19"
"The Crown: Season 1: Windsor","9/8/19"
"The Crown: Season 1: Hyde Park Corner","9/7/19"
"The Crown: Season 1: Wolferton Splash","9/7/19"
"Big Mouth: Season 2: The Shame Wizard","8/31/19"
"Brooklyn Nine-Nine: Season 3: The Mattress","8/30/19"
"Brooklyn Nine-Nine: Season 3: Into the Woods","8/26/19"
"Tuca & Bertie: Season 1: The Sugar Bowl","8/24/19"
"Django Unchained","8/23/19"
"Brooklyn Nine-Nine: Season 2: The Chopper","8/16/19"
"Brooklyn Nine-Nine: Season 2: Det. Dave Majors","8/15/19"
"Brooklyn Nine-Nine: Season 2: AC/DC","8/15/19"
"Brooklyn Nine-Nine: Season 2: Sabotage","8/15/19"
"Brooklyn Nine-Nine: Season 2: Captain Peralta","8/15/19"
"Brooklyn Nine-Nine: Season 2: Boyle-Linetti Wedding","8/15/19"
"Brooklyn Nine-Nine: Season 2: The Wednesday Incident","8/15/19"
"Brooklyn Nine-Nine: Season 2: Windbreaker City","8/14/19"
"Brooklyn Nine-Nine: Season 2: The Defense Rests","8/14/19"
"Brooklyn Nine-Nine: Season 2: Payback","8/14/19"
"Brooklyn Nine-Nine: Season 2: Beach House","8/14/19"
"You: Season 1: Bluebeard's Castle","8/7/19"
"You: Season 1: Candace","8/6/19"
"You: Season 1: You Got Me, Babe","8/6/19"
"Brooklyn Nine-Nine: Season 2: Stakeout","8/5/19"
"Brooklyn Nine-Nine: Season 2: The Pontiac Bandit Returns","8/5/19"
"Brooklyn Nine-Nine: Season 2: The Road Trip","8/5/19"
"Brooklyn Nine-Nine: Season 2: USPIS","8/5/19"
"Brooklyn Nine-Nine: Season 2: Lockdown","8/5/19"
"Brooklyn Nine-Nine: Season 2: Jake and Sophia","8/5/19"
"Brooklyn Nine-Nine: Season 2: The Mole","8/5/19"
"You: Season 1: Everythingship","8/4/19"
"You: Season 1: Amour Fou","8/4/19"
"You: Season 1: Living with the Enemy","8/4/19"
"You: Season 1: The Captain","8/3/19"
"You: Season 1: Maybe","8/3/19"
"You: Season 1: The Last Nice Guy in New York","8/3/19"
"You: Season 1: Pilot","8/3/19"
"Brooklyn Nine-Nine: Season 2: Halloween II","7/29/19"
"Brooklyn Nine-Nine: Season 2: The Jimmy Jab Games","7/29/19"
"Brooklyn Nine-Nine: Season 2: Chocolate Milk","7/29/19"
"Brooklyn Nine-Nine: Season 2: Undercover","7/28/19"
"Brooklyn Nine-Nine: Season 1: Charges and Specs","7/28/19"
"Brooklyn Nine-Nine: Season 1: Unsolvable","7/28/19"
"Brooklyn Nine-Nine: Season 1: Fancy Brudgom","7/27/19"
"Brooklyn Nine-Nine: Season 1: Tactical Village","7/27/19"
"Brooklyn Nine-Nine: Season 1: The Apartment","7/27/19"
"Zodiac","7/27/19"
"Stranger Things: Stranger Things 3: Chapter Eight: The Battle of Starcourt","7/21/19"
"Stranger Things: Stranger Things 3: Chapter Seven: The Bite","7/20/19"
"Stranger Things: Stranger Things 3: Chapter Six: E Pluribus Unum","7/20/19"
"Stranger Things: Stranger Things 3: Chapter Five: The Flayed","7/20/19"
"Stranger Things: Stranger Things 3: Chapter Four: The Sauna Test","7/19/19"
"Stranger Things: Stranger Things 3: Chapter Three: The Case of the Missing Lifeguard","7/4/19"
"Stranger Things: Stranger Things 3: Chapter Two: The Mall Rats","7/4/19"
"Stranger Things: Stranger Things 3: Chapter One: Suzie, Do You Copy?","7/4/19"
"Black Mirror: Season 2: White Christmas","6/30/19"
"Black Mirror: Season 2: The Waldo Moment","6/29/19"
"BoJack Horseman: Season 5: The Stopped Show","6/29/19"
"BoJack Horseman: Season 5: The Showstopper","6/29/19"
"BoJack Horseman: Season 5: Head in the Clouds","6/29/19"
"BoJack Horseman: Season 5: Ancient History","6/27/19"
"BoJack Horseman: Season 5: Mr. Peanutbutter's Boos","6/26/19"
"BoJack Horseman: Season 5: INT. SUB","6/19/19"
"Big Mouth: Season 2: What Is It About Boobs?","5/22/19"
"Love, Death & Robots: Volume 1: THE SECRET WAR","5/22/19"
"Big Mouth: Season 2: Am I Normal?","5/22/19"
"Love, Death & Robots: Volume 1: ALTERNATE HISTORIES","5/21/19"
"Love, Death & Robots: Volume 1: ICE AGE","5/21/19"
"Love, Death & Robots: Volume 1: BLINDSPOT","5/21/19"
"BoJack Horseman: Season 5: Free Churro","5/21/19"
"Brooklyn Nine-Nine: Season 1: Sal's Pizza","5/20/19"
"Brooklyn Nine-Nine: Season 1: Old School","5/17/19"
"Brooklyn Nine-Nine: Season 1: 48 Hours","5/17/19"
"Brooklyn Nine-Nine: Season 1: Halloween","5/17/19"
"Brooklyn Nine-Nine: Season 1: The Vulture","5/17/19"
"Brooklyn Nine-Nine: Season 1: M.E. Time","5/17/19"
"The Da Vinci Code","5/16/19"
"Big Mouth: Season 1: The Pornscape","5/15/19"
"Angels & Demons","5/15/19"
"BoJack Horseman: Season 5: The Amelia Earhart Story","5/15/19"
"Brooklyn Nine-Nine: Season 1: The Slump","5/15/19"
"Brooklyn Nine-Nine: Season 1: The Tagger","5/15/19"
"Brooklyn Nine-Nine: Season 1: Pilot","5/15/19"
"Big Mouth: Season 1: I Survived Jessi's Bat Mitzvah","5/14/19"
"Big Mouth: Season 1: The Head Push","5/14/19"
"Sherlock Holmes: A Game of Shadows","5/14/19"
"Stranger Things: Stranger Things 2: Chapter Four: Will the Wise","5/13/19"
"The Shining","5/13/19"
"The Good Place: Season 3: Pandemonium","5/9/19"
"The Good Place: Season 3: Chidi Sees the Time-Knife","5/9/19"
"The Good Place: Season 3: The Book of Dougs","5/9/19"
"The Good Place: Season 3: Janet(s)","5/9/19"
"The Good Place: Season 3: Don't Let the Good Life Pass You By","5/9/19"
"The Good Place: Season 3: The Worst Possible Use of Free Will","5/9/19"
"BoJack Horseman: Season 5: BoJack the Feminist","5/9/19"
"Big Mouth: Season 1: Requiem for a Wet Dream","5/6/19"
"Big Mouth: Season 1: Pillow Talk","5/2/19"
"Big Mouth: Season 1: Girls Are Horny Too","5/1/19"
"BoJack Horseman: Season 5: Planned Obsolescence","4/27/19"
"Big Mouth: Season 1: Sleepover: A Harrowing Ordeal of Emotional Brutality","4/27/19"
"Love, Death & Robots: Volume 1: ZIMA BLUE","4/26/19"
"BoJack Horseman: Season 5: The Dog Days Are Over","4/26/19"
"Big Mouth: Season 1: Am I Gay?","4/25/19"
"Big Mouth: Season 1: Everybody Bleeds","4/25/19"
"John Wick: Chapter 2","4/20/19"
"The Good Place: Season 3: A Fractured Inheritance","4/19/19"
"BoJack Horseman: Season 5: The Light Bulb Scene","4/18/19"
"Love, Death & Robots: Volume 1: LUCKY 13","4/9/19"
"Zombieland","4/5/19"
"Love, Death & Robots: Volume 1: FISH NIGHT","3/31/19"
"John Wick","3/30/19"
"Love, Death & Robots: Volume 1: HELPING HAND","3/30/19"
"Big Mouth: Season 1: Ejaculation","3/28/19"
"The Good Place: Season 3: The Snowplow","3/28/19"
"The Good Place: Season 3: The Brainy Bunch","3/28/19"
"Love, Death & Robots: Volume 1: SHAPE-SHIFTERS","3/27/19"
"Love, Death & Robots: Volume 1: THE DUMP","3/27/19"
"Love, Death & Robots: Volume 1: GOOD HUNTING","3/25/19"
"Love, Death & Robots: Volume 1: BEYOND THE AQUILA RIFT","3/19/19"
"Love, Death & Robots: Volume 1: WHEN THE YOGURT TOOK OVER","3/19/19"
"Love, Death & Robots: Volume 1: SUCKER OF SOULS","3/18/19"
"Love, Death & Robots: Volume 1: SUITS","3/18/19"
"Love, Death & Robots: Volume 1: THE WITNESS","3/18/19"
"Love, Death & Robots: Volume 1: THREE ROBOTS","3/18/19"
"Love, Death & Robots: Volume 1: SONNIE'S EDGE","3/18/19"
"Hans Zimmer: Live in Prague","3/18/19"
"BoJack Horseman: Season 4: What Time Is It Right Now","3/15/19"
"BoJack Horseman: Season 4: Time's Arrow","3/15/19"
"BoJack Horseman: Season 4: lovin that cali lifestyle!!","3/8/19"
"BoJack Horseman: Season 4: Ruthie","3/3/19"
"BoJack Horseman: Season 4: The Judge","3/1/19"
"BoJack Horseman: Season 4: Underground","2/28/19"
"BoJack Horseman: Season 4: Stupid Piece of Sh*t","2/28/19"
"BoJack Horseman: Season 4: Thoughts and Prayers","2/27/19"
"Narcos: Season 3: Going Back to Cali","2/24/19"
"Narcos: Season 3: Todos Los Hombres del Presidente","2/23/19"
"Narcos: Season 3: Convivir","2/21/19"
"Narcos: Season 3: Sin Salida","2/21/19"
"Narcos: Season 3: Best Laid Plans","2/21/19"
"Narcos: Season 3: MRO","2/21/19"
"Narcos: Season 3: Checkmate","2/20/19"
"Narcos: Season 3: Follow the Money","2/19/19"
"Narcos: Season 3: The Cali KGB","2/18/19"
"Narcos: Season 3: The Kingpin Strategy","2/17/19"
"Sex Education: Season 1: Episode 8","2/17/19"
"Sex Education: Season 1: Episode 7","2/17/19"
"Sex Education: Season 1: Episode 6","2/16/19"
"Sex Education: Season 1: Episode 5","2/16/19"
"Sex Education: Season 1: Episode 4","2/16/19"
"Hannibal: Season 2: Mizumono","2/16/19"
"Hannibal: Season 2: Tome-wan","2/16/19"
"Hannibal: Season 2: Ko No Mono","2/14/19"
"Hannibal: Season 2: Naka-Choko","2/14/19"
"Hannibal: Season 2: Shiizakana","2/13/19"
"Hannibal: Season 2: Su-zakana","2/12/19"
"The Good Place: Season 2: The Burrito","2/12/19"
"Hannibal: Season 2: Yakimono","2/10/19"
"Hannibal: Season 2: Futamono","2/10/19"
"Narcos: Season 2: Al Fin Cayó!","2/10/19"
"Narcos: Season 2: Nuestra Finca","2/10/19"
"Narcos: Season 2: Exit El Patrón","2/10/19"
"The Good Place: Season 2: Rhonda, Diana, Jake, and Trent","2/9/19"
"The Good Place: Season 2: Best Self","2/9/19"
"BoJack Horseman: Season 4: Commence Fracking","2/9/19"
"Narcos: Season 2: Deutschland 93","2/9/19"
"BoJack Horseman: Season 4: Hooray! Todd Episode!","2/9/19"
"Narcos: Season 2: Los Pepes","2/9/19"
"Narcos: Season 2: The Enemies of My Enemy","2/8/19"
"Sex Education: Season 1: Episode 3","2/8/19"
"Narcos: Season 2: The Good, The Bad, and The Dead","2/8/19"
"Sex Education: Season 1: Episode 2","2/8/19"
"BoJack Horseman: Season 4: The Old Sugarman Place","2/6/19"
"Hannibal: Season 2: Mukozuke","2/5/19"
"Narcos: Season 2: Our Man in Madrid","2/4/19"
"Hannibal: Season 2: Takiawase","2/4/19"
"Narcos: Season 2: Cambalache","2/4/19"
"Narcos: Season 2: Free at Last","2/4/19"
"Hannibal: Season 2: Hassun","2/3/19"
"Narcos: Season 1: Despegue","2/3/19"
"Narcos: Season 1: La Catedral","2/3/19"
"Narcos: Season 1: La Gran Mentira","2/3/19"
"Narcos: Season 1: You Will Cry Tears of Blood","2/3/19"
"Narcos: Season 1: Explosivos","2/3/19"
"Narcos: Season 1: There Will Be a Future","2/3/19"
"Hannibal: Season 2: Sakizuke","2/3/19"
"Hannibal: Season 2: Kaiseki","2/2/19"
"Narcos: Season 1: The Palace in Flames","2/2/19"
"Narcos: Season 1: The Men of Always","2/2/19"
"Narcos: Season 1: The Sword of Simón Bolívar","1/31/19"
"Narcos: Season 1: Descenso","1/31/19"
"Hannibal: Season 1: Savoureux","1/31/19"
"Hannibal: Season 1: Relevés","1/31/19"
"Hannibal: Season 1: Rôti","1/30/19"
"Planet Earth: Season 1: From Pole to Pole","1/29/19"
"BoJack Horseman: Season 4: See Mr. Peanutbutter Run","1/29/19"
"Hannibal: Season 1: Buffet froid","1/29/19"
"Hannibal: Season 1: Trou normand","1/29/19"
"Hannibal: Season 1: Fromage","1/28/19"
"Sex Education: Season 1: Episode 1","1/28/19"
"Hannibal: Season 1: Sorbet","1/28/19"
"Hannibal: Season 1: Entrée","1/28/19"
"BoJack Horseman: Season 3: That Went Well","1/28/19"
"BoJack Horseman: Season 3: That's Too Much, Man!","1/28/19"
"The Good Place: Season 2: Janet and Michael","1/25/19"
"The Good Place: Season 2: The Trolley Problem","1/25/19"
"The Good Place: Season 2: Existential Crisis","1/25/19"
"The Good Place: Season 2: Team Cockroach","1/25/19"
"BoJack Horseman: Season 3: It's You","1/24/19"
"BoJack Horseman: Season 3: Best Thing That Ever Happened","1/24/19"
"BoJack Horseman: Season 3: Old Acquaintance","1/24/19"
"BoJack Horseman: Season 3: Stop the Presses","1/24/19"
"BoJack Horseman: Season 3: Brrap Brrap Pew Pew","1/21/19"
"BoJack Horseman: Season 3: Love And/Or Marriage","1/20/19"
"BoJack Horseman: Season 3: Fish Out Of Water","1/20/19"
"BoJack Horseman: Season 3: BoJack Kills","1/19/19"
"BoJack Horseman: Season 3: The BoJack Horseman Show","1/19/19"
"BoJack Horseman: Season 3: Start Spreading the News","1/19/19"
"Hannibal: Season 1: Coquilles","1/15/19"
"Hannibal: Season 1: Œufs","1/15/19"
"Hannibal: Season 1: Potage","1/15/19"
"Hannibal: Season 1: Amuse-bouche","1/15/19"
"Hannibal: Season 1: Apéritif","1/15/19"
"BoJack Horseman: Season 2: Out to Sea","1/15/19"
"BoJack Horseman: Season 2: Escape from L.A.","1/15/19"
"BoJack Horseman: Season 2: Yes And","1/15/19"
"BoJack Horseman: Season 2: The Shot","1/13/19"
"BoJack Horseman: Season 2: Let's Find Out","1/13/19"
"The Blue Planet: A Natural History of the Oceans: Season 1: Ocean World","1/13/19"
"BoJack Horseman: Season 2: Hank After Dark","1/13/19"
"BoJack Horseman: Season 2: Higher Love","1/13/19"
"BoJack Horseman: Season 2: Chickens","1/13/19"
"BoJack Horseman: Season 2: After the Party","1/11/19"
"BoJack Horseman: Season 2: Still Broken","1/11/19"
"The End of the F***ing World: Season 1: Episode 8","1/11/19"
"The End of the F***ing World: Season 1: Episode 7","1/11/19"
"The End of the F***ing World: Season 1: Episode 6","1/11/19"
"The End of the F***ing World: Season 1: Episode 5","1/11/19"
"The End of the F***ing World: Season 1: Episode 4","1/11/19"
"The End of the F***ing World: Season 1: Episode 3","1/11/19"
"The End of the F***ing World: Season 1: Episode 2","1/11/19"
"The End of the F***ing World: Season 1: Episode 1","1/11/19"
